{"cameraMode":{"drawMode":0,"name":"Shaded","section":"Shading Mode"},"sceneLighting":true,"audioPlay":false,"sceneViewState":{"showFog":true,"showMaterialUpdate":true,"showSkybox":true,"showFlares":true,"showImageEffects":true,"showParticleSystems":true},"in2DMode":false,"pivot":{"x":0.0098876953125,"y":0.5023727416992188,"z":0.1756591796875},"rotation":{"x":0.002668939996510744,"y":-0.9414750337600708,"z":-0.007650445215404034,"w":-0.3370572030544281},"size":1.075313687324524,"orthographic":true}