{"cameraMode":{"drawMode":0,"name":"Shaded","section":"Shading Mode"},"sceneLighting":true,"audioPlay":false,"sceneViewState":{"showFog":true,"showMaterialUpdate":true,"showSkybox":true,"showFlares":true,"showImageEffects":true,"showParticleSystems":true},"in2DMode":false,"pivot":{"x":0.642578125,"y":-0.11480712890625,"z":0.1072998046875},"rotation":{"x":-0.09143183380365372,"y":-0.7055025100708008,"z":0.09259731322526932,"w":-0.6966728568077087},"size":1.2258599996566773,"orthographic":true}