{"cameraMode":{"drawMode":0,"name":"Shaded","section":"Shading Mode"},"sceneLighting":true,"audioPlay":false,"sceneViewState":{"showFog":true,"showMaterialUpdate":true,"showSkybox":true,"showFlares":true,"showImageEffects":true,"showParticleSystems":true},"in2DMode":false,"pivot":{"x":-0.01416015625,"y":2.7109375,"z":-1.69171142578125},"rotation":{"x":-0.09521876275539398,"y":-0.6726594567298889,"z":0.08782783150672913,"w":-0.7285871505737305},"size":3.7946717739105226,"orthographic":true}