{"cameraMode":{"drawMode":0,"name":"Shaded","section":"Shading Mode"},"sceneLighting":true,"audioPlay":false,"sceneViewState":{"showFog":true,"showMaterialUpdate":true,"showSkybox":true,"showFlares":true,"showImageEffects":true,"showParticleSystems":true},"in2DMode":false,"pivot":{"x":0.2220458984375,"y":-0.6044921875,"z":-0.22119140625},"rotation":{"x":-0.010244202800095082,"y":-0.9697551727294922,"z":0.2404007613658905,"w":-0.041337694972753528},"size":3.21170973777771,"orthographic":true}