{"cameraMode":{"drawMode":0,"name":"Shaded","section":"Shading Mode"},"sceneLighting":true,"audioPlay":false,"sceneViewState":{"showFog":true,"showMaterialUpdate":true,"showSkybox":true,"showFlares":true,"showImageEffects":true,"showParticleSystems":true},"in2DMode":false,"pivot":{"x":-0.740753173828125,"y":0.380859375,"z":0.09130859375},"rotation":{"x":0.004238266497850418,"y":-0.944510281085968,"z":0.32827407121658327,"w":0.012183353304862976},"size":3.694932460784912,"orthographic":true}