{"cameraMode":{"drawMode":0,"name":"Shaded","section":"Shading Mode"},"sceneLighting":true,"audioPlay":false,"sceneViewState":{"showFog":true,"showMaterialUpdate":true,"showSkybox":true,"showFlares":true,"showImageEffects":true,"showParticleSystems":true},"in2DMode":false,"pivot":{"x":0.38325002789497378,"y":-2.0476481914520265,"z":-3.0837440490722658},"rotation":{"x":-0.011905915103852749,"y":0.9603490829467773,"z":-0.27543485164642336,"w":-0.04151197895407677},"size":2.4073948860168459,"orthographic":false}