{"cameraMode":{"drawMode":0,"name":"Shaded","section":"Shading Mode"},"sceneLighting":true,"audioPlay":false,"sceneViewState":{"showFog":true,"showMaterialUpdate":true,"showSkybox":true,"showFlares":true,"showImageEffects":true,"showParticleSystems":true},"in2DMode":false,"pivot":{"x":0.229736328125,"y":-0.0218505859375,"z":-0.2596435546875},"rotation":{"x":0.44385796785354617,"y":0.5134071707725525,"z":-0.35419410467147829,"w":0.6433964967727661},"size":1.4870914220809937,"orthographic":true}