{"cameraMode":{"drawMode":0,"name":"Shaded","section":"Shading Mode"},"sceneLighting":true,"audioPlay":false,"sceneViewState":{"showFog":true,"showMaterialUpdate":true,"showSkybox":true,"showFlares":true,"showImageEffects":true,"showParticleSystems":true},"in2DMode":false,"pivot":{"x":-0.4068889617919922,"y":-1.414703369140625,"z":-1.49658203125},"rotation":{"x":-0.0030741968657821419,"y":0.982343316078186,"z":-0.1863786280155182,"w":-0.016209622845053674},"size":0.3590916097164154,"orthographic":true}